Year,Month,Location,Young Adult DVDs,Juvenile DVDs,Digital Movies,DVDs,Rated R DVDs
2017,January,B.F. Black,2,0,0,184,90
2017,January,B.F. Black,2,0,0,184,90
2017,January,Blyden,0,8,0,281,141
2017,January,Blyden,0,8,0,281,141
2017,January,Bookmobile,0,0,0,99,87
2017,January,Bookmobile,0,0,0,99,87
2017,January,BRO,0,0,0,0,0
2017,January,BRO,0,0,0,0,0
2017,January,H.C. Downing,0,0,0,11,0
2017,January,H.C. Downing,0,0,0,11,0
2017,January,Janaf,0,0,0,417,216
2017,January,Janaf,0,0,0,417,216
2017,January,Jordan-Newby,2,0,0,272,144
2017,January,Jordan-Newby,2,0,0,272,144
2017,January,Lafayette,0,7,0,543,193
2017,January,Lafayette,0,7,0,543,193
2017,January,Larchmont,1,12,0,916,258
2017,January,Larchmont,1,12,0,916,258
2017,January,Little Creek,0,4,0,750,293
2017,January,Little Creek,0,4,0,750,293
2017,January,Main-Slover,0,0,0,2068,731
2017,January,Main-Slover,0,0,0,2068,731
2017,January,ONLINE,0,0,604,0,0
2017,January,ONLINE,0,0,604,0,0
2017,January,Park Place,0,8,0,256,248
2017,January,Park Place,0,8,0,256,248
2017,January,Pretlow,3,0,0,2651,1347
2017,January,Pretlow,3,0,0,2651,1347
2017,January,Storage,0,0,0,117,24
2017,January,Storage,0,0,0,117,24
2017,January,Van Wyck,4,4,0,835,453
2017,January,Van Wyck,4,4,0,835,453
2017,February,B.F. Black,1,0,0,174,67
2017,February,B.F. Black,1,0,0,174,67
2017,February,Blyden,0,2,0,189,107
2017,February,Blyden,0,2,0,189,107
2017,February,Bookmobile,0,0,0,64,39
2017,February,Bookmobile,0,0,0,64,39
2017,February,BRO,0,0,0,0,0
2017,February,BRO,0,0,0,0,0
2017,February,H.C. Downing,0,0,0,4,5
2017,February,H.C. Downing,0,0,0,4,5
2017,February,Janaf,0,0,0,256,112
2017,February,Janaf,0,0,0,256,112
2017,February,Jordan-Newby,3,0,0,221,100
2017,February,Jordan-Newby,3,0,0,221,100
2017,February,Lafayette,0,3,0,498,194
2017,February,Lafayette,0,3,0,498,194
2017,February,Larchmont,0,13,0,703,176
2017,February,Larchmont,0,13,0,703,176
2017,February,Little Creek,0,6,0,621,264
2017,February,Little Creek,0,6,0,621,264
2017,February,Main-Slover,0,1,0,1939,593
2017,February,Main-Slover,0,1,0,1939,593
2017,February,ONLINE,0,0,774,0,0
2017,February,ONLINE,0,0,774,0,0
2017,February,Park Place,0,4,0,230,216
2017,February,Park Place,0,4,0,230,216
2017,February,Pretlow,1,0,0,2034,1173
2017,February,Pretlow,1,0,0,2034,1173
2017,February,Storage,0,0,0,105,23
2017,February,Storage,0,0,0,105,23
2017,February,Van Wyck,8,1,0,804,342
2017,February,Van Wyck,8,1,0,804,342
2017,March,B.F. Black,0,0,0,198,120
2017,March,B.F. Black,0,0,0,198,120
2017,March,Blyden,0,1,0,137,118
2017,March,Blyden,0,1,0,137,118
2017,March,Bookmobile,0,0,0,134,48
2017,March,Bookmobile,0,0,0,134,48
2017,March,BRO,0,0,0,0,0
2017,March,BRO,0,0,0,0,0
2017,March,H.C. Downing,0,0,0,9,3
2017,March,H.C. Downing,0,0,0,9,3
2017,March,Janaf,0,0,0,262,137
2017,March,Janaf,0,0,0,262,137
2017,March,Jordan-Newby,0,0,0,255,106
2017,March,Jordan-Newby,0,0,0,255,106
2017,March,Lafayette,0,9,0,568,232
2017,March,Lafayette,0,9,0,568,232
2017,March,Larchmont,0,6,0,880,250
2017,March,Larchmont,0,6,0,880,250
2017,March,Little Creek,0,0,0,649,284
2017,March,Little Creek,0,0,0,649,284
2017,March,Main-Slover,0,3,0,2070,778
2017,March,Main-Slover,0,3,0,2070,778
2017,March,ONLINE,0,0,689,0,0
2017,March,ONLINE,0,0,689,0,0
2017,March,Park Place,0,1,0,231,241
2017,March,Park Place,0,1,0,231,241
2017,March,Pretlow,2,0,0,2332,1523
2017,March,Pretlow,2,0,0,2332,1523
2017,March,Storage,0,0,0,126,22
2017,March,Storage,0,0,0,126,22
2017,March,Van Wyck,4,2,0,1005,513
2017,March,Van Wyck,4,2,0,1005,513
2017,April,B.F. Black,0,0,0,283,92
2017,April,B.F. Black,0,0,0,283,92
2017,April,Blyden,0,5,0,160,71
2017,April,Blyden,0,5,0,160,71
2017,April,Bookmobile,0,0,0,122,69
2017,April,Bookmobile,0,0,0,122,69
2017,April,BRO,0,0,0,0,0
2017,April,BRO,0,0,0,0,0
2017,April,H.C. Downing,0,0,0,9,2
2017,April,H.C. Downing,0,0,0,9,2
2017,April,Janaf,0,0,0,242,172
2017,April,Janaf,0,0,0,242,172
2017,April,Jordan-Newby,0,0,0,252,91
2017,April,Jordan-Newby,0,0,0,252,91
2017,April,Lafayette,0,14,0,516,231
2017,April,Lafayette,0,14,0,516,231
2017,April,Larchmont,0,7,0,774,224
2017,April,Larchmont,0,7,0,774,224
2017,April,Little Creek,0,3,0,746,202
2017,April,Little Creek,0,3,0,746,202
2017,April,Main-Slover,0,1,0,1978,601
2017,April,Main-Slover,0,1,0,1978,601
2017,April,ONLINE,0,0,732,0,0
2017,April,ONLINE,0,0,732,0,0
2017,April,Park Place,0,5,0,225,174
2017,April,Park Place,0,5,0,225,174
2017,April,Pretlow,6,0,0,2290,1331
2017,April,Pretlow,6,0,0,2290,1331
2017,April,Storage,0,0,0,118,31
2017,April,Storage,0,0,0,118,31
2017,April,Van Wyck,4,4,0,1044,509
2017,April,Van Wyck,4,4,0,1044,509
2017,May,B.F. Black,0,0,0,290,142
2017,May,B.F. Black,0,0,0,290,142
2017,May,Blyden,0,0,0,251,148
2017,May,Blyden,0,0,0,251,148
2017,May,Bookmobile,0,0,0,120,85
2017,May,Bookmobile,0,0,0,120,85
2017,May,BRO,0,0,0,0,0
2017,May,BRO,0,0,0,0,0
2017,May,H.C. Downing,0,0,0,21,6
2017,May,H.C. Downing,0,0,0,21,6
2017,May,Janaf,0,0,0,252,163
2017,May,Janaf,0,0,0,252,163
2017,May,Jordan-Newby,1,0,0,213,141
2017,May,Jordan-Newby,1,0,0,213,141
2017,May,Lafayette,0,1,0,596,230
2017,May,Lafayette,0,1,0,596,230
2017,May,Larchmont,0,1,0,805,259
2017,May,Larchmont,0,1,0,805,259
2017,May,Little Creek,0,1,0,706,284
2017,May,Little Creek,0,1,0,706,284
2017,May,Main-Slover,0,0,0,1941,662
2017,May,Main-Slover,0,0,0,1941,662
2017,May,ONLINE,0,0,714,0,0
2017,May,ONLINE,0,0,714,0,0
2017,May,Park Place,0,0,0,214,203
2017,May,Park Place,0,0,0,214,203
2017,May,Pretlow,3,0,0,2324,1256
2017,May,Pretlow,3,0,0,2324,1256
2017,May,Storage,0,0,0,113,15
2017,May,Storage,0,0,0,113,15
2017,May,Van Wyck,7,0,0,1127,583
2017,May,Van Wyck,7,0,0,1127,583
2017,June,B.F. Black,0,0,0,333,105
2017,June,B.F. Black,0,0,0,333,105
2017,June,Blyden,0,0,0,213,140
2017,June,Blyden,0,0,0,213,140
2017,June,Bookmobile,0,0,0,147,80
2017,June,Bookmobile,0,0,0,147,80
2017,June,BRO,0,0,0,0,0
2017,June,BRO,0,0,0,0,0
2017,June,H.C. Downing,0,0,0,12,2
2017,June,H.C. Downing,0,0,0,12,2
2017,June,Janaf,0,0,0,234,169
2017,June,Janaf,0,0,0,234,169
2017,June,Jordan-Newby,0,0,0,280,86
2017,June,Jordan-Newby,0,0,0,280,86
2017,June,Lafayette,0,0,0,735,267
2017,June,Lafayette,0,0,0,735,267
2017,June,Larchmont,1,0,0,847,213
2017,June,Larchmont,1,0,0,847,213
2017,June,Little Creek,0,0,0,867,334
2017,June,Little Creek,0,0,0,867,334
2017,June,Main-Slover,0,0,0,2232,667
2017,June,Main-Slover,0,0,0,2232,667
2017,June,ONLINE,0,0,645,0,0
2017,June,ONLINE,0,0,645,0,0
2017,June,Park Place,0,0,0,261,188
2017,June,Park Place,0,0,0,261,188
2017,June,Pretlow,4,0,0,2428,1368
2017,June,Pretlow,4,0,0,2428,1368
2017,June,Storage,0,0,0,95,29
2017,June,Storage,0,0,0,95,29
2017,June,Van Wyck,9,0,0,1110,515
2017,June,Van Wyck,9,0,0,1110,515
2017,July,B.F. Black,0,0,0,351,225
2017,July,B.F. Black,0,0,0,351,225
2017,July,Blyden,0,0,0,216,105
2017,July,Blyden,0,0,0,216,105
2017,July,Bookmobile,0,0,0,106,52
2017,July,Bookmobile,0,0,0,106,52
2017,July,BRO,0,0,0,0,0
2017,July,BRO,0,0,0,0,0
2017,July,H.C. Downing,0,0,0,0,0
2017,July,H.C. Downing,0,0,0,0,0
2017,July,Jordan-Newby,0,0,0,207,81
2017,July,Jordan-Newby,0,0,0,207,81
2017,July,Jul,0,0,0,340,163
2017,July,Jul,0,0,0,340,163
2017,July,Lafayette,1,0,0,722,250
2017,July,Lafayette,1,0,0,722,250
2017,July,Larchmont,1,0,0,1015,198
2017,July,Larchmont,1,0,0,1015,198
2017,July,Little Creek,0,0,0,775,243
2017,July,Little Creek,0,0,0,775,243
2017,July,Main-Slover,1,0,0,2013,686
2017,July,Main-Slover,1,0,0,2013,686
2017,July,ONLINE,0,0,783,0,0
2017,July,ONLINE,0,0,783,0,0
2017,July,Park Place,1,0,0,240,150
2017,July,Park Place,1,0,0,240,150
2017,July,Pretlow,4,0,0,2768,1408
2017,July,Pretlow,4,0,0,2768,1408
2017,July,Storage,0,0,0,62,32
2017,July,Storage,0,0,0,62,32
2017,July,Van Wyck,2,0,0,1292,549
2017,July,Van Wyck,2,0,0,1292,549
2017,August,B.F. Black,0,0,0,490,222
2017,August,B.F. Black,0,0,0,490,222
2017,August,Blyden,0,0,0,245,128
2017,August,Blyden,0,0,0,245,128
2017,August,Bookmobile,0,0,0,178,86
2017,August,Bookmobile,0,0,0,178,86
2017,August,BRO,0,0,0,0,0
2017,August,BRO,0,0,0,0,0
2017,August,H.C. Downing,0,0,0,7,1
2017,August,H.C. Downing,0,0,0,7,1
2017,August,Janaf,0,0,0,364,125
2017,August,Janaf,0,0,0,364,125
2017,August,Jordan-Newby,0,0,0,173,70
2017,August,Jordan-Newby,0,0,0,173,70
2017,August,Lafayette,0,0,0,805,301
2017,August,Lafayette,0,0,0,805,301
2017,August,Larchmont,1,0,0,1080,186
2017,August,Larchmont,1,0,0,1080,186
2017,August,Little Creek,0,0,0,785,285
2017,August,Little Creek,0,0,0,785,285
2017,August,Main-Slover,0,0,0,2184,787
2017,August,Main-Slover,0,0,0,2184,787
2017,August,ONLINE,0,0,869,0,0
2017,August,ONLINE,0,0,869,0,0
2017,August,Park Place,0,0,0,259,149
2017,August,Park Place,0,0,0,259,149
2017,August,Pretlow,1,0,0,2933,1631
2017,August,Pretlow,1,0,0,2933,1631
2017,August,Storage,0,0,0,63,26
2017,August,Storage,0,0,0,63,26
2017,August,Van Wyck,7,0,0,1472,569
2017,August,Van Wyck,7,0,0,1472,569
2017,September,B.F. Black,0,0,0,321,166
2017,September,B.F. Black,0,0,0,321,166
2017,September,Blyden,0,0,0,186,150
2017,September,Blyden,0,0,0,186,150
2017,September,Bookmobile,0,0,0,116,57
2017,September,Bookmobile,0,0,0,116,57
2017,September,BRO,0,0,0,0,0
2017,September,BRO,0,0,0,0,0
2017,September,H.C. Downing,0,0,0,0,0
2017,September,H.C. Downing,0,0,0,0,0
2017,September,Janaf,0,0,0,298,94
2017,September,Janaf,0,0,0,298,94
2017,September,Jordan-Newby,0,0,0,139,81
2017,September,Jordan-Newby,0,0,0,139,81
2017,September,Lafayette,0,0,0,632,239
2017,September,Lafayette,0,0,0,632,239
2017,September,Larchmont,0,0,0,874,220
2017,September,Larchmont,0,0,0,874,220
2017,September,Little Creek,1,0,0,657,215
2017,September,Little Creek,1,0,0,657,215
2017,September,Main-Slover,0,0,0,1506,570
2017,September,Main-Slover,0,0,0,1506,570
2017,September,ONLINE,0,0,896,0,0
2017,September,ONLINE,0,0,896,0,0
2017,September,Park Place,0,0,0,182,126
2017,September,Park Place,0,0,0,182,126
2017,September,Pretlow,6,0,0,2505,1450
2017,September,Pretlow,6,0,0,2505,1450
2017,September,Storage,0,0,0,31,22
2017,September,Storage,0,0,0,31,22
2017,September,Van Wyck,0,0,0,980,491
2017,September,Van Wyck,0,0,0,980,491
2017,October,B.F. Black,0,0,0,377,164
2017,October,B.F. Black,0,0,0,377,164
2017,October,Blyden,0,0,0,214,118
2017,October,Blyden,0,0,0,214,118
2017,October,Bookmobile,0,0,0,201,80
2017,October,Bookmobile,0,0,0,201,80
2017,October,BRO,0,0,0,0,0
2017,October,BRO,0,0,0,0,0
2017,October,H.C. Downing,0,0,0,0,0
2017,October,H.C. Downing,0,0,0,0,0
2017,October,Janaf,0,0,0,275,112
2017,October,Janaf,0,0,0,275,112
2017,October,Jordan-Newby,2,0,0,205,103
2017,October,Jordan-Newby,2,0,0,205,103
2017,October,Lafayette,0,0,0,648,245
2017,October,Lafayette,0,0,0,648,245
2017,October,Larchmont,0,0,0,907,197
2017,October,Larchmont,0,0,0,907,197
2017,October,Little Creek,1,0,0,530,225
2017,October,Little Creek,1,0,0,530,225
2017,October,Main-Slover,0,0,0,1569,576
2017,October,Main-Slover,0,0,0,1569,576
2017,October,ONLINE,0,0,900,0,0
2017,October,ONLINE,0,0,900,0,0
2017,October,Park Place,0,0,0,327,172
2017,October,Park Place,0,0,0,327,172
2017,October,Pretlow,3,0,0,2528,1379
2017,October,Pretlow,3,0,0,2528,1379
2017,October,Storage,0,0,0,82,31
2017,October,Storage,0,0,0,82,31
2017,October,Van Wyck,3,0,0,956,525
2017,October,Van Wyck,3,0,0,956,525
2017,November,B.F. Black,0,0,0,283,134
2017,November,B.F. Black,0,0,0,283,134
2017,November,Blyden,0,0,0,140,83
2017,November,Blyden,0,0,0,140,83
2017,November,Bookmobile,0,0,0,183,82
2017,November,Bookmobile,0,0,0,183,82
2017,November,BRO,0,0,0,5,0
2017,November,BRO,0,0,0,5,0
2017,November,H.C. Downing,0,0,0,0,0
2017,November,H.C. Downing,0,0,0,0,0
2017,November,Janaf,0,0,0,274,141
2017,November,Janaf,0,0,0,274,141
2017,November,Jordan-Newby,0,0,0,148,73
2017,November,Jordan-Newby,0,0,0,148,73
2017,November,Lafayette,0,0,0,659,254
2017,November,Lafayette,0,0,0,659,254
2017,November,Larchmont,2,0,0,719,155
2017,November,Larchmont,2,0,0,719,155
2017,November,Little Creek,0,0,0,523,203
2017,November,Little Creek,0,0,0,523,203
2017,November,Main-Slover,0,0,0,1602,504
2017,November,Main-Slover,0,0,0,1602,504
2017,November,ONLINE,0,0,922,0,0
2017,November,ONLINE,0,0,922,0,0
2017,November,Park Place,0,0,0,309,158
2017,November,Park Place,0,0,0,309,158
2017,November,Pretlow,1,0,0,2290,1288
2017,November,Pretlow,1,0,0,2290,1288
2017,November,Storage,0,0,0,51,20
2017,November,Storage,0,0,0,51,20
2017,November,Van Wyck,0,0,0,1053,407
2017,November,Van Wyck,0,0,0,1053,407
2017,December,B.F. Black,0,0,0,274,147
2017,December,B.F. Black,0,0,0,274,147
2017,December,Blyden,0,0,0,134,69
2017,December,Blyden,0,0,0,134,69
2017,December,Bookmobile,0,0,0,144,41
2017,December,Bookmobile,0,0,0,144,41
2017,December,BRO,0,0,0,0,0
2017,December,BRO,0,0,0,0,0
2017,December,H.C. Downing,0,0,0,5,0
2017,December,H.C. Downing,0,0,0,5,0
2017,December,Janaf,0,0,0,274,122
2017,December,Janaf,0,0,0,274,122
2017,December,Jordan-Newby,0,0,0,189,85
2017,December,Jordan-Newby,0,0,0,189,85
2017,December,Lafayette,0,0,0,666,197
2017,December,Lafayette,0,0,0,666,197
2017,December,Larchmont,0,0,0,876,166
2017,December,Larchmont,0,0,0,876,166
2017,December,Little Creek,0,0,0,576,194
2017,December,Little Creek,0,0,0,576,194
2017,December,Main-Slover,0,0,0,1550,468
2017,December,Main-Slover,0,0,0,1550,468
2017,December,ONLINE*,0,0,709,0,0
2017,December,ONLINE*,0,0,709,0,0
2017,December,Park Place,0,0,0,310,162
2017,December,Park Place,0,0,0,310,162
2017,December,Pretlow,1,0,0,2538,1301
2017,December,Pretlow,1,0,0,2538,1301
2017,December,Storage,0,0,0,51,17
2017,December,Storage,0,0,0,51,17
2017,December,Van Wyck,2,0,0,1241,412
2017,December,Van Wyck,2,0,0,1241,412
2018,January,B.F. Black,0,0,0,406,120
2018,January,B.F. Black,0,0,0,406,120
2018,January,Blyden,1,0,0,124,64
2018,January,Blyden,1,0,0,124,64
2018,January,Bookmobile,0,0,0,165,62
2018,January,Bookmobile,0,0,0,165,62
2018,January,BRO,0,0,0,2,1
2018,January,BRO,0,0,0,2,1
2018,January,H.C. Downing,0,0,0,5,0
2018,January,H.C. Downing,0,0,0,5,0
2018,January,Janaf,0,0,0,263,118
2018,January,Janaf,0,0,0,263,118
2018,January,Jordan-Newby,0,0,0,132,49
2018,January,Jordan-Newby,0,0,0,132,49
2018,January,Lafayette,0,0,0,725,204
2018,January,Lafayette,0,0,0,725,204
2018,January,Larchmont,1,0,0,1022,222
2018,January,Larchmont,1,0,0,1022,222
2018,January,Little Creek,0,0,0,697,282
2018,January,Little Creek,0,0,0,697,282
2018,January,Main-Slover,0,0,0,1628,510
2018,January,Main-Slover,0,0,0,1628,510
2018,January,ONLINE,0,0,622,0,0
2018,January,ONLINE,0,0,622,0,0
2018,January,Park Place,0,0,0,225,117
2018,January,Park Place,0,0,0,225,117
2018,January,Pretlow,4,0,0,2397,1270
2018,January,Pretlow,4,0,0,2397,1270
2018,January,Storage,0,0,0,35,13
2018,January,Storage,0,0,0,35,13
2018,January,Van Wyck,4,0,0,1099,486
2018,January,Van Wyck,4,0,0,1099,486
2018,February,B.F. Black,0,0,0,309,90
2018,February,B.F. Black,0,0,0,309,90
2018,February,Blyden,0,0,0,99,69
2018,February,Blyden,0,0,0,99,69
2018,February,Bookmobile,0,0,0,118,68
2018,February,Bookmobile,0,0,0,118,68
2018,February,BRO,0,0,0,0,0
2018,February,BRO,0,0,0,0,0
2018,February,H.C. Downing,0,0,0,0,0
2018,February,H.C. Downing,0,0,0,0,0
2018,February,Janaf,0,0,0,212,93
2018,February,Janaf,0,0,0,212,93
2018,February,Jordan-Newby,0,0,0,150,64
2018,February,Jordan-Newby,0,0,0,150,64
2018,February,Lafayette,0,0,0,614,231
2018,February,Lafayette,0,0,0,614,231
2018,February,Larchmont,1,0,0,825,181
2018,February,Larchmont,1,0,0,825,181
2018,February,Little Creek,0,0,0,676,253
2018,February,Little Creek,0,0,0,676,253
2018,February,Main-Slover,0,0,0,1722,571
2018,February,Main-Slover,0,0,0,1722,571
2018,February,ONLINE,0,0,701,0,0
2018,February,ONLINE,0,0,701,0,0
2018,February,Park Place,0,0,0,205,121
2018,February,Park Place,0,0,0,205,121
2018,February,Pretlow,3,0,0,2331,1386
2018,February,Pretlow,3,0,0,2331,1386
2018,February,Storage,0,0,0,47,20
2018,February,Storage,0,0,0,47,20
2018,February,Van Wyck,0,0,0,904,422
2018,February,Van Wyck,0,0,0,904,422
2018,March,B.F. Black,0,0,0,385,141
2018,March,B.F. Black,0,0,0,385,141
2018,March,Blyden,0,0,0,171,119
2018,March,Blyden,0,0,0,171,119
2018,March,Bookmobile,0,0,0,120,71
2018,March,Bookmobile,0,0,0,120,71
2018,March,BRO,0,0,0,0,0
2018,March,BRO,0,0,0,0,0
2018,March,H.C. Downing,0,0,0,2,1
2018,March,H.C. Downing,0,0,0,2,1
2018,March,Janaf,0,0,0,293,125
2018,March,Janaf,0,0,0,293,125
2018,March,Jordan-Newby,0,0,0,107,40
2018,March,Jordan-Newby,0,0,0,107,40
2018,March,Lafayette,0,0,0,629,254
2018,March,Lafayette,0,0,0,629,254
2018,March,Larchmont,2,0,0,1002,248
2018,March,Larchmont,2,0,0,1002,248
2018,March,Little Creek,0,0,0,697,240
2018,March,Little Creek,0,0,0,697,240
2018,March,Main-Slover,0,0,0,1568,573
2018,March,Main-Slover,0,0,0,1568,573
2018,March,ONLINE,0,0,942,0,0
2018,March,ONLINE,0,0,942,0,0
2018,March,Park Place,0,0,0,216,184
2018,March,Park Place,0,0,0,216,184
2018,March,Pretlow,3,0,0,2482,1446
2018,March,Pretlow,3,0,0,2482,1446
2018,March,Storage,0,0,0,63,20
2018,March,Storage,0,0,0,63,20
2018,March,Van Wyck,11,0,0,976,416
2018,March,Van Wyck,11,0,0,976,416
2018,April,B.F. Black,0,0,0,252,122
2018,April,B.F. Black,0,0,0,252,122
2018,April,Blyden,0,0,0,178,77
2018,April,Blyden,0,0,0,178,77
2018,April,Bookmobile,0,0,0,103,40
2018,April,Bookmobile,0,0,0,103,40
2018,April,BRO,0,0,0,1,1
2018,April,BRO,0,0,0,1,1
2018,April,H.C. Downing,0,0,0,84,20
2018,April,H.C. Downing,0,0,0,84,20
2018,April,Janaf,1,0,0,303,129
2018,April,Janaf,1,0,0,303,129
2018,April,Jordan-Newby,1,0,0,137,22
2018,April,Jordan-Newby,1,0,0,137,22
2018,April,Lafayette,0,0,0,469,157
2018,April,Lafayette,0,0,0,469,157
2018,April,Larchmont,0,0,0,851,194
2018,April,Larchmont,0,0,0,851,194
2018,April,Little Creek,0,0,0,605,195
2018,April,Little Creek,0,0,0,605,195
2018,April,Main-Slover,0,0,0,1700,469
2018,April,Main-Slover,0,0,0,1700,469
2018,April,ONLINE,0,0,718,0,0
2018,April,ONLINE,0,0,718,0,0
2018,April,Park Place,0,0,0,130,105
2018,April,Park Place,0,0,0,130,105
2018,April,Pretlow,5,0,0,2163,1119
2018,April,Pretlow,5,0,0,2163,1119
2018,April,Storage,0,0,0,18,9
2018,April,Storage,0,0,0,18,9
2018,April,Van Wyck,4,0,0,883,446
2018,April,Van Wyck,4,0,0,883,446
2018,May,B.F. Black,1,0,0,378,157
2018,May,B.F. Black,1,0,0,378,157
2018,May,Blyden,0,0,0,176,81
2018,May,Blyden,0,0,0,176,81
2018,May,Bookmobile,0,0,0,196,85
2018,May,Bookmobile,0,0,0,196,85
2018,May,BRO,0,0,0,3,0
2018,May,BRO,0,0,0,3,0
2018,May,H.C. Downing,0,0,0,236,107
2018,May,H.C. Downing,0,0,0,236,107
2018,May,Janaf,0,0,0,284,132
2018,May,Janaf,0,0,0,284,132
2018,May,Jordan-Newby,0,0,0,178,51
2018,May,Jordan-Newby,0,0,0,178,51
2018,May,Lafayette,0,0,0,582,219
2018,May,Lafayette,0,0,0,582,219
2018,May,Larchmont,3,0,0,817,211
2018,May,Larchmont,3,0,0,817,211
2018,May,Little Creek,0,0,0,657,230
2018,May,Little Creek,0,0,0,657,230
2018,May,Main-Slover,0,0,0,1594,429
2018,May,Main-Slover,0,0,0,1594,429
2018,May,ONLINE,0,0,873,0,0
2018,May,ONLINE,0,0,873,0,0
2018,May,Park Place,0,0,0,228,140
2018,May,Park Place,0,0,0,228,140
2018,May,Pretlow,7,0,0,2224,1254
2018,May,Pretlow,7,0,0,2224,1254
2018,May,Storage,0,0,0,27,16
2018,May,Storage,0,0,0,27,16
2018,May,Van Wyck,1,0,0,1054,495
2018,May,Van Wyck,1,0,0,1054,495
2018,June,B.F. Black,0,0,0,436,215
2018,June,B.F. Black,0,0,0,436,215
2018,June,Blyden,0,0,0,185,107
2018,June,Blyden,0,0,0,185,107
2018,June,Bookmobile,0,0,0,106,62
2018,June,Bookmobile,0,0,0,106,62
2018,June,BRO,0,0,0,446,161
2018,June,BRO,0,0,0,446,161
2018,June,H.C. Downing,0,0,0,221,64
2018,June,H.C. Downing,0,0,0,221,64
2018,June,Janaf,1,0,0,269,111
2018,June,Janaf,1,0,0,269,111
2018,June,Jordan-Newby,0,0,0,110,40
2018,June,Jordan-Newby,0,0,0,110,40
2018,June,Lafayette,0,0,0,723,305
2018,June,Lafayette,0,0,0,723,305
2018,June,Larchmont,1,0,0,904,221
2018,June,Larchmont,1,0,0,904,221
2018,June,Little Creek,0,0,0,641,218
2018,June,Little Creek,0,0,0,641,218
2018,June,Main-Slover,0,0,0,1484,469
2018,June,Main-Slover,0,0,0,1484,469
2018,June,ONLINE,0,0,1023,0,0
2018,June,ONLINE,0,0,1023,0,0
2018,June,Park Place,1,0,0,128,79
2018,June,Park Place,1,0,0,128,79
2018,June,Pretlow,4,0,0,2406,1340
2018,June,Pretlow,4,0,0,2406,1340
2018,June,Storage,0,0,0,35,19
2018,June,Storage,0,0,0,35,19
2018,June,Van Wyck,4,0,0,1004,479
2018,June,Van Wyck,4,0,0,1004,479
2018,July,B.F. Black,0,0,0,466,164
2018,July,B.F. Black,0,0,0,466,164
2018,July,Blyden,0,0,0,194,131
2018,July,Blyden,0,0,0,194,131
2018,July,Bookmobile,0,0,0,62,58
2018,July,Bookmobile,0,0,0,62,58
2018,July,BRO,0,0,0,1233,609
2018,July,BRO,0,0,0,1233,609
2018,July,H.C. Downing,0,0,0,380,121
2018,July,H.C. Downing,0,0,0,380,121
2018,July,Jordan-Newby,1,0,0,57,33
2018,July,Jordan-Newby,1,0,0,57,33
2018,July,Jul,0,0,0,289,97
2018,July,Jul,0,0,0,289,97
2018,July,Lafayette,0,0,0,708,307
2018,July,Lafayette,0,0,0,708,307
2018,July,Larchmont,8,0,0,1048,265
2018,July,Larchmont,8,0,0,1048,265
2018,July,Little Creek,0,0,0,777,301
2018,July,Little Creek,0,0,0,777,301
2018,July,Main-Slover,0,0,0,1790,616
2018,July,Main-Slover,0,0,0,1790,616
2018,July,ONLINE,0,0,0,0,0
2018,July,ONLINE,0,0,0,0,0
2018,July,Park Place,0,0,0,303,182
2018,July,Park Place,0,0,0,303,182
2018,July,Pretlow,1,0,0,2724,1512
2018,July,Pretlow,1,0,0,2724,1512
2018,July,Storage,0,0,0,83,25
2018,July,Storage,0,0,0,83,25
2018,July,Van Wyck,11,0,0,992,502
2018,July,Van Wyck,11,0,0,992,502
2018,August,B.F. Black,1,0,0,880,308
2018,August,B.F. Black,1,0,0,880,308
2018,August,Blyden,0,0,0,457,274
2018,August,Blyden,0,0,0,457,274
2018,August,Bookmobile,0,0,0,124,133
2018,August,Bookmobile,0,0,0,124,133
2018,August,BRO,0,0,0,2695,1428
2018,August,BRO,0,0,0,2695,1428
2018,August,H.C. Downing,0,0,0,755,257
2018,August,H.C. Downing,0,0,0,755,257
2018,August,Janaf,0,0,0,484,186
2018,August,Janaf,0,0,0,484,186
2018,August,Jordan-Newby,1,0,0,116,46
2018,August,Jordan-Newby,1,0,0,116,46
2018,August,Lafayette,0,0,0,1370,573
2018,August,Lafayette,0,0,0,1370,573
2018,August,Larchmont,18,0,0,2093,503
2018,August,Larchmont,18,0,0,2093,503
2018,August,Little Creek,0,0,0,1633,639
2018,August,Little Creek,0,0,0,1633,639
2018,August,Main-Slover,0,0,0,3363,1233
2018,August,Main-Slover,0,0,0,3363,1233
2018,August,ONLINE,0,0,0,0,0
2018,August,ONLINE,0,0,0,0,0
2018,August,Park Place,0,0,0,649,438
2018,August,Park Place,0,0,0,649,438
2018,August,Pretlow,1,0,0,5103,2931
2018,August,Pretlow,1,0,0,5103,2931
2018,August,Storage,0,0,0,195,57
2018,August,Storage,0,0,0,195,57
2018,August,Van Wyck,18,0,0,1957,951
2018,August,Van Wyck,18,0,0,1957,951
2018,September,B.F. Black,0,0,0,341,152
2018,September,B.F. Black,0,0,0,341,152
2018,September,Blyden,0,0,0,191,93
2018,September,Blyden,0,0,0,191,93
2018,September,Bookmobile,0,0,0,23,38
2018,September,Bookmobile,0,0,0,23,38
2018,September,BRO,0,0,0,1353,687
2018,September,BRO,0,0,0,1353,687
2018,September,H.C. Downing,0,0,0,241,95
2018,September,H.C. Downing,0,0,0,241,95
2018,September,Janaf,0,0,0,242,60
2018,September,Janaf,0,0,0,242,60
2018,September,Jordan-Newby,0,0,0,5,2
2018,September,Jordan-Newby,0,0,0,5,2
2018,September,Lafayette,0,0,0,608,219
2018,September,Lafayette,0,0,0,608,219
2018,September,Larchmont,5,0,0,809,191
2018,September,Larchmont,5,0,0,809,191
2018,September,Little Creek,0,0,0,728,263
2018,September,Little Creek,0,0,0,728,263
2018,September,Main-Slover,0,0,0,1559,600
2018,September,Main-Slover,0,0,0,1559,600
2018,September,ONLINE,0,0,0,0,0
2018,September,ONLINE,0,0,0,0,0
2018,September,Park Place,0,0,0,227,132
2018,September,Park Place,0,0,0,227,132
2018,September,Pretlow,2,0,0,1919,1338
2018,September,Pretlow,2,0,0,1919,1338
2018,September,Storage,0,0,0,103,24
2018,September,Storage,0,0,0,103,24
2018,September,Van Wyck,3,0,0,841,508
2018,September,Van Wyck,3,0,0,841,508
2018,October,B.F. Black,0,0,0,330,177
2018,October,B.F. Black,0,0,0,330,177
2018,October,Blyden,0,0,0,141,109
2018,October,Blyden,0,0,0,141,109
2018,October,Bookmobile,0,0,0,32,35
2018,October,Bookmobile,0,0,0,32,35
2018,October,BRO,0,0,0,1353,751
2018,October,BRO,0,0,0,1353,751
2018,October,H.C. Downing,0,0,0,288,119
2018,October,H.C. Downing,0,0,0,288,119
2018,October,Janaf,0,0,0,259,82
2018,October,Janaf,0,0,0,259,82
2018,October,Jordan-Newby,0,0,0,1,0
2018,October,Jordan-Newby,0,0,0,1,0
2018,October,Lafayette,0,0,0,683,252
2018,October,Lafayette,0,0,0,683,252
2018,October,Larchmont,2,0,0,919,201
2018,October,Larchmont,2,0,0,919,201
2018,October,Little Creek,0,0,0,759,319
2018,October,Little Creek,0,0,0,759,319
2018,October,Main-Slover,0,0,0,1498,621
2018,October,Main-Slover,0,0,0,1498,621
2018,October,ONLINE,0,0,0,0,0
2018,October,ONLINE,0,0,0,0,0
2018,October,Park Place,0,0,0,216,102
2018,October,Park Place,0,0,0,216,102
2018,October,Pretlow,1,0,0,2157,1409
2018,October,Pretlow,1,0,0,2157,1409
2018,October,Storage,0,0,0,185,31
2018,October,Storage,0,0,0,185,31
2018,October,Van Wyck,2,0,0,831,404
2018,October,Van Wyck,2,0,0,831,404
2018,November,B.F. Black,0,0,0,362,69
2018,November,B.F. Black,0,0,0,362,69
2018,November,Blyden,0,0,0,73,60
2018,November,Blyden,0,0,0,73,60
2018,November,Bookmobile,0,0,0,60,27
2018,November,Bookmobile,0,0,0,60,27
2018,November,BRO,0,0,0,293,116
2018,November,BRO,0,0,0,293,116
2018,November,H.C. Downing,0,0,0,1195,646
2018,November,H.C. Downing,0,0,0,1195,646
2018,November,Janaf,0,0,0,170,86
2018,November,Janaf,0,0,0,170,86
2018,November,Jordan-Newby,0,0,0,1,3
2018,November,Jordan-Newby,0,0,0,1,3
2018,November,Lafayette,0,0,0,711,221
2018,November,Lafayette,0,0,0,711,221
2018,November,Larchmont,0,0,0,697,183
2018,November,Larchmont,0,0,0,697,183
2018,November,Little Creek,0,0,0,662,276
2018,November,Little Creek,0,0,0,662,276
2018,November,Main-Slover,0,0,0,1319,569
2018,November,Main-Slover,0,0,0,1319,569
2018,November,ONLINE,0,0,0,0,0
2018,November,ONLINE,0,0,0,0,0
2018,November,Park Place,0,0,0,204,157
2018,November,Park Place,0,0,0,204,157
2018,November,Pretlow,1,0,0,2046,1154
2018,November,Pretlow,1,0,0,2046,1154
2018,November,Storage,1,0,0,125,28
2018,November,Storage,1,0,0,125,28
2018,November,Van Wyck,4,0,0,881,453
2018,November,Van Wyck,4,0,0,881,453
2018,December,B.F. Black,0,0,0,234,75
2018,December,B.F. Black,0,0,0,234,75
2018,December,Blyden,0,0,0,99,81
2018,December,Blyden,0,0,0,99,81
2018,December,Bookmobile,0,0,0,121,57
2018,December,Bookmobile,0,0,0,121,57
2018,December,BRO,0,0,0,450,274
2018,December,BRO,0,0,0,450,274
2018,December,H.C. Downing,0,0,0,315,141
2018,December,H.C. Downing,0,0,0,315,141
2018,December,Janaf,0,0,0,225,60
2018,December,Janaf,0,0,0,225,60
2018,December,Jordan-Newby,0,0,0,827,463
2018,December,Jordan-Newby,0,0,0,827,463
2018,December,Lafayette,0,0,0,821,254
2018,December,Lafayette,0,0,0,821,254
2018,December,Larchmont,0,0,0,742,140
2018,December,Larchmont,0,0,0,742,140
2018,December,Little Creek,0,0,0,635,297
2018,December,Little Creek,0,0,0,635,297
2018,December,Main-Slover,0,0,0,1528,601
2018,December,Main-Slover,0,0,0,1528,601
2018,December,ONLINE*,0,0,0,0,0
2018,December,ONLINE*,0,0,0,0,0
2018,December,Park Place,0,0,0,201,115
2018,December,Park Place,0,0,0,201,115
2018,December,Pretlow,3,0,0,2187,1225
2018,December,Pretlow,3,0,0,2187,1225
2018,December,Storage,0,0,0,121,30
2018,December,Storage,0,0,0,121,30
2018,December,Van Wyck,1,0,0,955,445
2018,December,Van Wyck,1,0,0,955,445
2019,January,B.F. Black,0,0,0,227,92
2019,January,B.F. Black,0,0,0,227,92
2019,January,Blyden,0,0,0,183,87
2019,January,Blyden,0,0,0,183,87
2019,January,Bookmobile,0,0,0,19,12
2019,January,Bookmobile,0,0,0,19,12
2019,January,BRO,0,0,0,3,0
2019,January,BRO,0,0,0,3,0
2019,January,H.C. Downing,0,0,0,265,122
2019,January,H.C. Downing,0,0,0,265,122
2019,January,Janaf,0,0,0,216,68
2019,January,Janaf,0,0,0,216,68
2019,January,Jordan-Newby,0,0,0,1376,766
2019,January,Jordan-Newby,0,0,0,1376,766
2019,January,Lafayette,0,0,0,777,254
2019,January,Lafayette,0,0,0,777,254
2019,January,Larchmont,2,0,0,712,164
2019,January,Larchmont,2,0,0,712,164
2019,January,Little Creek,0,0,0,726,326
2019,January,Little Creek,0,0,0,726,326
2019,January,Main-Slover,0,0,0,1356,660
2019,January,Main-Slover,0,0,0,1356,660
2019,January,ONLINE,0,0,0,0,0
2019,January,ONLINE,0,0,0,0,0
2019,January,Park Place,0,0,0,206,206
2019,January,Park Place,0,0,0,206,206
2019,January,Pretlow,2,0,0,2348,1498
2019,January,Pretlow,2,0,0,2348,1498
2019,January,Storage,0,0,0,162,32
2019,January,Storage,0,0,0,162,32
2019,January,Van Wyck,2,0,0,920,495
2019,January,Van Wyck,2,0,0,920,495
2019,February,B.F. Black,0,0,0,189,50
2019,February,B.F. Black,0,0,0,189,50
2019,February,Blyden,0,0,0,125,79
2019,February,Blyden,0,0,0,125,79
2019,February,Bookmobile,0,0,0,72,32
2019,February,Bookmobile,0,0,0,72,32
2019,February,BRO,0,0,0,0,0
2019,February,BRO,0,0,0,0,0
2019,February,H.C. Downing,0,0,0,213,128
2019,February,H.C. Downing,0,0,0,213,128
2019,February,Janaf,0,0,0,221,98
2019,February,Janaf,0,0,0,221,98
2019,February,Jordan-Newby,0,0,0,1147,640
2019,February,Jordan-Newby,0,0,0,1147,640
2019,February,Lafayette,0,0,0,636,245
2019,February,Lafayette,0,0,0,636,245
2019,February,Larchmont,3,0,0,561,134
2019,February,Larchmont,3,0,0,561,134
2019,February,Little Creek,0,0,0,587,231
2019,February,Little Creek,0,0,0,587,231
2019,February,Main-Slover,0,0,0,1090,497
2019,February,Main-Slover,0,0,0,1090,497
2019,February,ONLINE,0,0,0,0,0
2019,February,ONLINE,0,0,0,0,0
2019,February,Park Place,0,0,0,213,183
2019,February,Park Place,0,0,0,213,183
2019,February,Pretlow,2,0,0,2241,1298
2019,February,Pretlow,2,0,0,2241,1298
2019,February,Storage,0,0,0,122,41
2019,February,Storage,0,0,0,122,41
2019,February,Van Wyck,2,0,0,818,451
2019,February,Van Wyck,2,0,0,818,451
2019,March,B.F. Black,0,0,0,205,61
2019,March,B.F. Black,0,0,0,205,61
2019,March,Blyden,0,0,0,112,87
2019,March,Blyden,0,0,0,112,87
2019,March,Bookmobile,0,0,0,55,12
2019,March,Bookmobile,0,0,0,55,12
2019,March,BRO,0,0,0,0,0
2019,March,BRO,0,0,0,0,0
2019,March,H.C. Downing,0,0,0,281,138
2019,March,H.C. Downing,0,0,0,281,138
2019,March,Janaf,0,0,0,158,81
2019,March,Janaf,0,0,0,158,81
2019,March,Jordan-Newby,0,0,0,1136,571
2019,March,Jordan-Newby,0,0,0,1136,571
2019,March,Lafayette,0,0,0,636,210
2019,March,Lafayette,0,0,0,636,210
2019,March,Larchmont,1,0,0,620,155
2019,March,Larchmont,1,0,0,620,155
2019,March,Little Creek,0,0,0,733,326
2019,March,Little Creek,0,0,0,733,326
2019,March,Main-Slover,0,0,0,1203,452
2019,March,Main-Slover,0,0,0,1203,452
2019,March,ONLINE,0,0,0,0,0
2019,March,ONLINE,0,0,0,0,0
2019,March,Park Place,0,0,0,170,122
2019,March,Park Place,0,0,0,170,122
2019,March,Pretlow,3,0,0,2157,1301
2019,March,Pretlow,3,0,0,2157,1301
2019,March,Storage,0,0,0,154,32
2019,March,Storage,0,0,0,154,32
2019,March,Van Wyck,6,0,0,806,391
2019,March,Van Wyck,6,0,0,806,391
2019,April,B.F. Black,1,0,0,3001,1073
2019,April,B.F. Black,1,0,0,3001,1073
2019,April,Blyden,0,0,0,1480,951
2019,April,Blyden,0,0,0,1480,951
2019,April,Bookmobile,0,0,0,567,381
2019,April,Bookmobile,0,0,0,567,381
2019,April,BRO,0,0,0,7049,3786
2019,April,BRO,0,0,0,7049,3786
2019,April,H.C. Downing,0,0,0,2888,1221
2019,April,H.C. Downing,0,0,0,2888,1221
2019,April,Janaf,0,0,0,2260,808
2019,April,Janaf,0,0,0,2260,808
2019,April,Jordan-Newby,1,0,0,5907,3147
2019,April,Jordan-Newby,1,0,0,5907,3147
2019,April,Lafayette,0,0,0,6794,2417
2019,April,Lafayette,0,0,0,6794,2417
2019,April,Larchmont,31,0,0,7821,1834
2019,April,Larchmont,31,0,0,7821,1834
2019,April,Little Creek,0,0,0,7085,2998
2019,April,Little Creek,0,0,0,7085,2998
2019,April,Main-Slover,0,0,0,14071,5702
2019,April,Main-Slover,0,0,0,14071,5702
2019,April,ONLINE,0,0,1969,0,0
2019,April,ONLINE,0,0,1969,0,0
2019,April,Park Place,0,0,0,2239,1544
2019,April,Park Place,0,0,0,2239,1544
2019,April,Pretlow,15,0,0,22214,13358
2019,April,Pretlow,15,0,0,22214,13358
2019,April,Storage,1,0,0,1334,302
2019,April,Storage,1,0,0,1334,302
2019,April,Van Wyck,41,0,0,8811,4564
2019,April,Van Wyck,41,0,0,8811,4564
2019,May,B.F. Black,0,0,0,276,160
2019,May,B.F. Black,0,0,0,276,160
2019,May,Blyden,0,0,0,116,69
2019,May,Blyden,0,0,0,116,69
2019,May,Bookmobile,0,0,0,90,37
2019,May,Bookmobile,0,0,0,90,37
2019,May,BRO,0,0,0,0,0
2019,May,BRO,0,0,0,0,0
2019,May,H.C. Downing,0,0,0,256,82
2019,May,H.C. Downing,0,0,0,256,82
2019,May,Janaf,4,0,0,215,121
2019,May,Janaf,4,0,0,215,121
2019,May,Jordan-Newby,0,0,0,1105,476
2019,May,Jordan-Newby,0,0,0,1105,476
2019,May,Lafayette,0,0,0,694,220
2019,May,Lafayette,0,0,0,694,220
2019,May,Larchmont,0,0,0,641,198
2019,May,Larchmont,0,0,0,641,198
2019,May,Little Creek,0,0,0,550,257
2019,May,Little Creek,0,0,0,550,257
2019,May,Main-Slover,0,0,0,1076,410
2019,May,Main-Slover,0,0,0,1076,410
2019,May,ONLINE,0,0,805,0,0
2019,May,ONLINE,0,0,805,0,0
2019,May,Park Place,0,0,0,149,48
2019,May,Park Place,0,0,0,149,48
2019,May,Pretlow,2,0,0,2293,1218
2019,May,Pretlow,2,0,0,2293,1218
2019,May,Storage,0,0,0,68,16
2019,May,Storage,0,0,0,68,16
2019,May,TUC,0,0,0,0,0
2019,May,TUC,0,0,0,0,0
2019,May,Van Wyck,0,0,0,1002,437
2019,May,Van Wyck,0,0,0,1002,437
2019,June,B.F. Black,0,0,0,334,124
2019,June,B.F. Black,0,0,0,334,124
2019,June,Blyden,0,0,0,152,71
2019,June,Blyden,0,0,0,152,71
2019,June,Bookmobile,0,0,0,115,29
2019,June,Bookmobile,0,0,0,115,29
2019,June,BRO,0,0,0,0,0
2019,June,BRO,0,0,0,0,0
2019,June,H.C. Downing,0,0,0,189,75
2019,June,H.C. Downing,0,0,0,189,75
2019,June,Janaf,0,0,0,247,82
2019,June,Janaf,0,0,0,247,82
2019,June,Jordan-Newby,0,0,0,1129,519
2019,June,Jordan-Newby,0,0,0,1129,519
2019,June,Lafayette,0,0,0,761,299
2019,June,Lafayette,0,0,0,761,299
2019,June,Larchmont,2,0,0,796,191
2019,June,Larchmont,2,0,0,796,191
2019,June,Little Creek,0,0,0,691,210
2019,June,Little Creek,0,0,0,691,210
2019,June,Main-Slover,0,0,0,1210,368
2019,June,Main-Slover,0,0,0,1210,368
2019,June,ONLINE,0,0,974,0,0
2019,June,ONLINE,0,0,974,0,0
2019,June,Park Place,0,0,0,213,67
2019,June,Park Place,0,0,0,213,67
2019,June,Pretlow,2,0,0,2570,1338
2019,June,Pretlow,2,0,0,2570,1338
2019,June,Storage,0,0,0,35,7
2019,June,Storage,0,0,0,35,7
2019,June,TUC,0,0,0,0,0
2019,June,TUC,0,0,0,0,0
2019,June,Van Wyck,1,0,0,1028,454
2019,June,Van Wyck,1,0,0,1028,454
2019,July,B.F. Black,0,0,0,388,137
2019,July,B.F. Black,0,0,0,388,137
2019,July,Blyden,0,0,0,192,71
2019,July,Blyden,0,0,0,192,71
2019,July,Bookmobile,0,0,0,129,9
2019,July,Bookmobile,0,0,0,129,9
2019,July,H.C. Downing,0,0,0,226,86
2019,July,H.C. Downing,0,0,0,226,86
2019,July,Janaf,0,0,0,316,81
2019,July,Janaf,0,0,0,316,81
2019,July,Jordan-Newby,0,0,0,1271,479
2019,July,Jordan-Newby,0,0,0,1271,479
2019,July,Lafayette,0,0,0,770,259
2019,July,Lafayette,0,0,0,770,259
2019,July,Larchmont,2,0,0,975,213
2019,July,Larchmont,2,0,0,975,213
2019,July,Little Creek,1,0,0,720,223
2019,July,Little Creek,1,0,0,720,223
2019,July,Main-Slover,0,0,0,1144,397
2019,July,Main-Slover,0,0,0,1144,397
2019,July,ONLINE,0,0,0,0,0
2019,July,ONLINE,0,0,0,0,0
2019,July,Park Place,0,0,0,306,97
2019,July,Park Place,0,0,0,306,97
2019,July,Pretlow,1,0,0,2940,1489
2019,July,Pretlow,1,0,0,2940,1489
2019,July,Storage,0,0,0,31,8
2019,July,Storage,0,0,0,31,8
2019,July,Van Wyck,2,0,0,1136,471
2019,July,Van Wyck,2,0,0,1136,471
2019,August,B.F. Black,0,0,0,455,129
2019,August,B.F. Black,0,0,0,455,129
2019,August,Blyden,0,0,0,202,104
2019,August,Blyden,0,0,0,202,104
2019,August,Bookmobile,0,0,0,134,36
2019,August,Bookmobile,0,0,0,134,36
2019,August,H.C. Downing,0,0,0,268,96
2019,August,H.C. Downing,0,0,0,268,96
2019,August,Janaf,0,0,0,384,123
2019,August,Janaf,0,0,0,384,123
2019,August,Jordan-Newby,1,0,0,1030,426
2019,August,Jordan-Newby,1,0,0,1030,426
2019,August,Lafayette,0,0,0,757,252
2019,August,Lafayette,0,0,0,757,252
2019,August,Larchmont,0,0,0,964,178
2019,August,Larchmont,0,0,0,964,178
2019,August,Little Creek,0,0,0,709,269
2019,August,Little Creek,0,0,0,709,269
2019,August,Main-Slover,0,0,0,1283,472
2019,August,Main-Slover,0,0,0,1283,472
2019,August,ONLINE,0,0,0,0,0
2019,August,ONLINE,0,0,0,0,0
2019,August,Park Place,0,0,0,189,79
2019,August,Park Place,0,0,0,189,79
2019,August,Pretlow,3,0,0,2824,1392
2019,August,Pretlow,3,0,0,2824,1392
2019,August,Storage,1,0,0,26,8
2019,August,Storage,1,0,0,26,8
2019,August,Van Wyck,2,0,0,1207,520
2019,August,Van Wyck,2,0,0,1207,520
2019,September,B.F. Black,0,0,0,311,147
2019,September,B.F. Black,0,0,0,311,147
2019,September,Blyden,0,0,0,185,137
2019,September,Blyden,0,0,0,185,137
2019,September,Bookmobile,0,0,0,49,12
2019,September,Bookmobile,0,0,0,49,12
2019,September,H.C. Downing,0,0,0,211,92
2019,September,H.C. Downing,0,0,0,211,92
2019,September,Janaf,1,0,0,341,118
2019,September,Janaf,1,0,0,341,118
2019,September,Jordan-Newby,0,0,0,855,363
2019,September,Jordan-Newby,0,0,0,855,363
2019,September,Lafayette,0,0,0,649,207
2019,September,Lafayette,0,0,0,649,207
2019,September,Larchmont,0,0,0,726,190
2019,September,Larchmont,0,0,0,726,190
2019,September,Little Creek,0,0,0,663,229
2019,September,Little Creek,0,0,0,663,229
2019,September,Main-Slover,0,0,0,981,363
2019,September,Main-Slover,0,0,0,981,363
2019,September,ONLINE,0,0,0,0,0
2019,September,ONLINE,0,0,0,0,0
2019,September,Park Place,0,0,0,112,59
2019,September,Park Place,0,0,0,112,59
2019,September,Pretlow,0,0,0,2319,1225
2019,September,Pretlow,0,0,0,2319,1225
2019,September,Storage,0,0,0,41,5
2019,September,Storage,0,0,0,41,5
2019,September,Van Wyck,4,0,0,1007,458
2019,September,Van Wyck,4,0,0,1007,458
2019,October,B.F. Black,0,0,0,312,158
2019,October,B.F. Black,0,0,0,312,158
2019,October,Blyden,0,0,0,183,114
2019,October,Blyden,0,0,0,183,114
2019,October,Bookmobile,0,0,0,59,39
2019,October,Bookmobile,0,0,0,59,39
2019,October,H.C. Downing,0,0,0,282,94
2019,October,H.C. Downing,0,0,0,282,94
2019,October,Janaf,0,0,0,333,109
2019,October,Janaf,0,0,0,333,109
2019,October,Jordan-Newby,0,0,0,917,419
2019,October,Jordan-Newby,0,0,0,917,419
2019,October,Lafayette,0,0,0,753,246
2019,October,Lafayette,0,0,0,753,246
2019,October,Larchmont,2,0,0,729,195
2019,October,Larchmont,2,0,0,729,195
2019,October,Little Creek,0,0,0,618,313
2019,October,Little Creek,0,0,0,618,313
2019,October,Main-Slover,1,0,0,1118,412
2019,October,Main-Slover,1,0,0,1118,412
2019,October,ONLINE,0,0,0,0,0
2019,October,ONLINE,0,0,0,0,0
2019,October,Park Place,0,0,0,146,60
2019,October,Park Place,0,0,0,146,60
2019,October,Pretlow,4,0,0,2292,1183
2019,October,Pretlow,4,0,0,2292,1183
2019,October,Storage,0,0,0,59,15
2019,October,Storage,0,0,0,59,15
2019,October,Van Wyck,1,0,0,914,540
2019,October,Van Wyck,1,0,0,914,540
2019,November,B.F. Black,0,0,0,336,150
2019,November,B.F. Black,0,0,0,336,150
2019,November,Blyden,0,0,0,148,71
2019,November,Blyden,0,0,0,148,71
2019,November,Bookmobile,0,0,0,76,48
2019,November,Bookmobile,0,0,0,76,48
2019,November,H.C. Downing,0,0,0,210,70
2019,November,H.C. Downing,0,0,0,210,70
2019,November,Janaf,2,0,0,251,121
2019,November,Janaf,2,0,0,251,121
2019,November,Jordan-Newby,0,0,0,811,399
2019,November,Jordan-Newby,0,0,0,811,399
2019,November,Lafayette,0,0,0,673,247
2019,November,Lafayette,0,0,0,673,247
2019,November,Larchmont,1,0,0,781,163
2019,November,Larchmont,1,0,0,781,163
2019,November,Little Creek,1,0,0,583,230
2019,November,Little Creek,1,0,0,583,230
2019,November,Main-Slover,1,0,0,1071,402
2019,November,Main-Slover,1,0,0,1071,402
2019,November,ONLINE,0,0,0,0,0
2019,November,ONLINE,0,0,0,0,0
2019,November,Park Place,0,0,0,182,55
2019,November,Park Place,0,0,0,182,55
2019,November,Pretlow,1,0,0,2061,1171
2019,November,Pretlow,1,0,0,2061,1171
2019,November,Storage,0,0,0,27,7
2019,November,Storage,0,0,0,27,7
2019,November,Van Wyck,3,0,0,897,489
2019,November,Van Wyck,3,0,0,897,489
2019,December,B.F. Black,0,0,0,277,73
2019,December,B.F. Black,0,0,0,277,73
2019,December,Blyden,0,0,0,86,54
2019,December,Blyden,0,0,0,86,54
2019,December,Bookmobile,0,0,0,42,40
2019,December,Bookmobile,0,0,0,42,40
2019,December,H.C. Downing,0,0,0,194,55
2019,December,H.C. Downing,0,0,0,194,55
2019,December,Janaf,0,0,0,191,82
2019,December,Janaf,0,0,0,191,82
2019,December,Jordan-Newby,1,0,0,816,395
2019,December,Jordan-Newby,1,0,0,816,395
2019,December,Lafayette,0,0,0,652,216
2019,December,Lafayette,0,0,0,652,216
2019,December,Larchmont,1,0,0,773,200
2019,December,Larchmont,1,0,0,773,200
2019,December,Little Creek,0,0,0,592,193
2019,December,Little Creek,0,0,0,592,193
2019,December,Main-Slover,0,0,0,980,390
2019,December,Main-Slover,0,0,0,980,390
2019,December,ONLINE,0,0,0,0,0
2019,December,ONLINE,0,0,0,0,0
2019,December,Park Place,0,0,0,178,100
2019,December,Park Place,0,0,0,178,100
2019,December,Pretlow,0,0,0,2169,1165
2019,December,Pretlow,0,0,0,2169,1165
2019,December,Storage,0,0,0,29,3
2019,December,Storage,0,0,0,29,3
2019,December,Van Wyck,0,0,0,862,397
2019,December,Van Wyck,0,0,0,862,397
2020,January,B.F. Black,0,0,,281,92
2020,January,Blyden,0,0,,108,61
2020,January,Bookmobile,0,0,,84,25
2020,January,H.C. Downing,0,0,,166,68
2020,January,Janaf,0,0,,365,144
2020,January,Jordan-Newby,0,0,,752,337
2020,January,Lafayette,0,0,,685,263
2020,January,Larchmont,0,0,,821,206
2020,January,Little Creek,0,0,,549,223
2020,January,Main-Slover,0,0,,1049,394
2020,January,ONLINE,,,0,,
2020,January,Park Place,0,0,,162,119
2020,January,Pretlow,0,0,,2392,1398
2020,January,Storage,0,0,,68,35
2020,January,Van Wyck,5,0,,883,465
2020,March,B.F. Black,0,0,,140,48
2020,March,Blyden,0,0,,78,46
2020,March,Bookmobile,0,0,,40,20
2020,March,H.C. Downing,0,0,,99,36
2020,March,Janaf,0,0,,194,86
2020,March,Jordan-Newby,0,0,,342,222
2020,March,Lafayette,0,0,,369,117
2020,March,Larchmont,0,0,,446,123
2020,March,Little Creek,0,0,,311,129
2020,March,Main-Slover,1,0,,683,267
2020,March,ONLINE,,,1669,,
2020,March,Park Place,0,0,,113,55
2020,March,Pretlow,1,0,,1262,662
2020,March,Storage,0,0,,46,25
2020,March,Van Wyck,0,0,,642,303
2020,April,BLA,0,0,,1,0
2020,April,BLY,0,0,,0,0
2020,April,BOO,0,0,,0,0
2020,April,DOW,0,0,,5,0
2020,April,JAN,0,0,,12,4
2020,April,JOR,0,0,,22,2
2020,April,LAF,0,0,,0,0
2020,April,LAR,0,0,,4,0
2020,April,LIT,0,0,,11,1
2020,April,MAIN (SML),0,0,,12,4
2020,April,ONLINE,,,1567,,
2020,April,PAR,0,0,,1,0
2020,April,PRE,0,0,,9,0
2020,April,STO,0,0,,0,0
2020,April,VAN,0,0,,4,4
2020,May,B.F. Black,0,0,,0,0
2020,May,B.F. Black,0,0,,0,0
2020,May,Blyden,0,0,,0,0
2020,May,Blyden,0,0,,0,0
2020,May,Book Mobile,0,0,,0,0
2020,May,Book Mobile,0,0,,0,0
2020,May,Downing,0,0,,0,0
2020,May,Downing,0,0,,0,0
2020,May,Janaf,0,0,,1,1
2020,May,Janaf,0,0,,1,1
2020,May,Jordan-Newby,0,0,,5,3
2020,May,Jordan-Newby,0,0,,5,3
2020,May,Lafayette,0,0,,0,0
2020,May,Lafayette,0,0,,0,0
2020,May,Larchmont,0,0,,2,0
2020,May,Larchmont,0,0,,2,0
2020,May,Litte Creek,0,0,,5,0
2020,May,Litte Creek,0,0,,5,0
2020,May,ONLINE,,,1930,,
2020,May,ONLINE,,,1930,,
2020,May,Park Place,0,0,,0,0
2020,May,Park Place,0,0,,0,0
2020,May,Pretlow,0,0,,4,0
2020,May,Pretlow,0,0,,4,0
2020,May,Slover,0,0,,10,4
2020,May,Slover,0,0,,10,4
2020,May,Storage,0,0,,0,0
2020,May,Storage,0,0,,0,0
2020,May,Van Wyck,0,0,,10,4
2020,May,Van Wyck,0,0,,10,4
2020,June,B.F. Black,0,0,,1,1
2020,June,Blyden,0,0,,0,0
2020,June,Book Mobile,0,0,,1,0
2020,June,Downing,0,0,,2,0
2020,June,Janaf,0,0,,5,2
2020,June,Jordan-Newby,0,0,,5,3
2020,June,Lafayette,0,0,,0,2
2020,June,Larchmont,0,0,,0,0
2020,June,Litte Creek,0,0,,0,0
2020,June,ONLINE,,,1302,,
2020,June,Park Place,0,0,,0,0
2020,June,Pretlow,1,0,,16,8
2020,June,Slover,0,0,,1,0
2020,June,Storage,0,0,,0,1
2020,June,Van Wyck,0,0,,9,6
2020,July,B.F. Black,0,0,,9,0
2020,July,Blyden,0,0,,3,0
2020,July,Book Mobile,0,0,,11,2
2020,July,Downing,0,0,,2,0
2020,July,Janaf,0,0,,31,18
2020,July,Jordan-Newby,0,0,,297,167
2020,July,Lafayette,0,0,,5,10
2020,July,Larchmont,0,0,,41,15
2020,July,Litte Creek,0,0,,9,1
2020,July,ONLINE,,,1256,,
2020,July,Park Place,0,0,,9,1
2020,July,Pretlow,0,0,,389,171
2020,July,Slover,0,0,,770,244
2020,July,Storage,0,0,,5,0
2020,July,Van Wyck,0,0,,78,37
2020,August,B.F. Black,0,0,,11,2
2020,August,Blyden,0,0,,0,0
2020,August,Book Mobile,0,0,,2,3
2020,August,Downing,0,0,,0,0
2020,August,Janaf,0,0,,37,28
2020,August,Jordan-Newby,1,0,,305,122
2020,August,Lafayette,0,0,,29,25
2020,August,Larchmont,0,0,,37,17
2020,August,Litte Creek,0,0,,25,3
2020,August,ONLINE,,,1282,,
2020,August,Park Place,0,0,,1,0
2020,August,Pretlow,0,0,,557,247
2020,August,Slover,1,0,,583,201
2020,August,Storage,0,0,,5,1
2020,August,Van Wyck,0,0,,106,19
2020,September,B.F. Black,0,0,,4,0
2020,September,Blyden,0,0,,0,0
2020,September,Book Mobile,0,0,,11,4
2020,September,Downing,0,0,,4,1
2020,September,Janaf,0,0,,39,25
2020,September,Jordan-Newby,0,0,,258,132
2020,September,Lafayette,0,0,,36,19
2020,September,Larchmont,1,0,,31,8
2020,September,Litte Creek,0,0,,23,15
2020,September,ONLINE,,,1000,,
2020,September,Park Place,0,0,,0,0
2020,September,Pretlow,1,0,,559,261
2020,September,Slover,1,0,,489,202
2020,September,Storage,0,0,,11,0
2020,September,Van Wyck,0,0,,83,34
2020,October,B.F. Black,0,0,,3,1
2020,October,Blyden,0,0,,0,0
2020,October,Book Mobile,0,0,,0,0
2020,October,Downing,0,0,,0,1
2020,October,Janaf,0,0,,32,36
2020,October,Jordan-Newby,0,0,,317,105
2020,October,Lafayette,0,0,,32,18
2020,October,Larchmont,0,0,,49,10
2020,October,Litte Creek,0,0,,40,15
2020,October,ONLINE,,,897,,
2020,October,Park Place,0,0,,3,2
2020,October,Pretlow,0,0,,512,201
2020,October,Slover,0,0,,542,243
2020,October,Storage,0,0,,6,2
2020,October,Van Wyck,0,0,,102,36
2020,November,B.F. Black,0,0,,18,3
2020,November,Blyden,0,0,,0,0
2020,November,Book Mobile,0,0,,2,0
2020,November,Downing,0,0,,0,0
2020,November,Janaf,0,0,,24,10
2020,November,Jordan-Newby,0,0,,178,75
2020,November,Lafayette,0,0,,20,14
2020,November,Larchmont,1,0,,43,13
2020,November,Litte Creek,0,0,,36,14
2020,November,ONLINE,,,989,,
2020,November,Park Place,0,0,,2,13
2020,November,Pretlow,0,0,,393,183
2020,November,Slover,0,0,,412,138
2020,November,Storage,0,0,,8,0
2020,November,Van Wyck,2,0,,263,78
2020,December,B.F. Black,0,0,,45,6
2020,December,Blyden,0,0,,0,0
2020,December,Book Mobile,0,0,,20,8
2020,December,Downing,0,0,,0,0
2020,December,Janaf,0,0,,48,11
2020,December,Jordan-Newby,0,0,,266,93
2020,December,Lafayette,0,0,,20,26
2020,December,Larchmont,0,0,,41,7
2020,December,Litte Creek,0,0,,56,11
2020,December,ONLINE,,,1016,,
2020,December,Park Place,0,0,,14,3
2020,December,Pretlow,0,0,,619,193
2020,December,Slover,0,0,,405,157
2020,December,Storage,0,0,,12,7
2020,December,Van Wyck,0,0,,292,82
2020,Febraruay,B.F. Black,0,0,,220,66
2020,Febraruay,Blyden,0,0,,114,64
2020,Febraruay,Bookmobile,0,0,,69,46
2020,Febraruay,H.C. Downing,0,0,,148,60
2020,Febraruay,Janaf,1,0,,393,183
2020,Febraruay,Jordan-Newby,0,0,,622,376
2020,Febraruay,Lafayette,0,0,,656,240
2020,Febraruay,Larchmont,0,0,,796,202
2020,Febraruay,Little Creek,0,0,,551,232
2020,Febraruay,Main-Slover,0,0,,1093,437
2020,Febraruay,ONLINE,,,1068,,
2020,Febraruay,Park Place,0,0,,234,99
2020,Febraruay,Pretlow,1,0,,2229,1288
2020,Febraruay,Storage,0,0,,50,20
2020,Febraruay,Van Wyck,1,0,,945,444
2021,January,B.F. Black,0,0,,35,5
2021,January,Blyden,0,0,,0,0
2021,January,Book Mobile,0,0,,0,0
2021,January,Downing,0,0,,0,0
2021,January,Janaf,0,0,,25,17
2021,January,Jordan-Newby,0,0,,164,32
2021,January,Lafayette,0,0,,35,27
2021,January,Larchmont,0,0,,32,5
2021,January,Litte Creek,0,0,,55,10
2021,January,ONLINE,,,1034,,
2021,January,Park Place,0,0,,10,5
2021,January,Pretlow,0,0,,472,204
2021,January,Slover,0,0,,378,138
2021,January,Storage,0,0,,10,5
2021,January,Van Wyck,0,0,,316,87
2021,February,B.F. Black,0,0,,49,13
2021,February,Blyden,0,0,,0,0
2021,February,Book Mobile,0,0,,0,1
2021,February,Downing,0,0,,0,0
2021,February,Janaf,0,0,,37,18
2021,February,Jordan-Newby,0,0,,129,56
2021,February,Lafayette,0,0,,26,25
2021,February,Larchmont,0,0,,40,3
2021,February,Litte Creek,0,0,,30,14
2021,February,ONLINE,,,364,,
2021,February,Park Place,0,0,,5,3
2021,February,Pretlow,0,0,,470,217
2021,February,Slover,0,0,,333,179
2021,February,Storage,0,0,,2,2
2021,February,Van Wyck,0,0,,250,105
2021,March,B.F. Black,0,0,,65,20
2021,March,Blyden,0,0,,0,0
2021,March,Book Mobile,0,0,,13,8
2021,March,Downing,0,0,,0,0
2021,March,Janaf,0,0,,25,15
2021,March,Jordan-Newby,0,0,,167,70
2021,March,Lafayette,0,0,,26,19
2021,March,Larchmont,0,0,,47,8
2021,March,Litte Creek,0,0,,41,6
2021,March,ONLINE,,,242,,
2021,March,Park Place,0,0,,7,5
2021,March,Pretlow,0,0,,524,187
2021,March,Slover,0,0,,449,195
2021,March,Storage,0,0,,4,0
2021,March,Van Wyck,0,0,,311,123
2021,April,B.F. Black,0,0,,68,35
2021,April,Blyden,0,0,,0,0
2021,April,Book Mobile,0,0,,3,1
2021,April,Downing,0,0,,5,0
2021,April,Janaf,0,0,,30,8
2021,April,Jordan-Newby,0,0,,143,67
2021,April,Lafayette,0,0,,23,19
2021,April,Larchmont,0,0,,66,7
2021,April,Litte Creek,0,0,,36,6
2021,April,ONLINE,,,223,,
2021,April,Park Place,0,0,,16,2
2021,April,Pretlow,0,0,,518,203
2021,April,Slover,0,0,,343,189
2021,April,Storage,0,0,,8,1
2021,April,Van Wyck,0,0,,275,127
2021,May,B.F. Black,0,0,,24,9
2021,May,Blyden,0,0,,1,0
2021,May,Book Mobile,0,0,,6,0
2021,May,Downing,0,0,,0,0
2021,May,Janaf,0,0,,21,10
2021,May,Jordan-Newby,0,0,,148,63
2021,May,Lafayette,0,0,,29,31
2021,May,Larchmont,0,0,,51,10
2021,May,Litte Creek,0,0,,35,19
2021,May,ONLINE,,,294,,
2021,May,Park Place,0,0,,7,1
2021,May,Pretlow,0,0,,531,220
2021,May,Slover,1,0,,290,131
2021,May,Storage,0,0,,6,0
2021,May,Van Wyck,0,0,,239,88
2021,June,B.F. Black,0,0,,28,15
2021,June,Blyden,0,0,,31,9
2021,June,Book Mobile,0,0,,5,8
2021,June,Downing,0,0,,0,0
2021,June,Janaf,0,0,,56,22
2021,June,Jordan-Newby,0,0,,327,114
2021,June,Lafayette,0,0,,114,39
2021,June,Larchmont,0,0,,108,17
2021,June,Litte Creek,0,0,,117,27
2021,June,ONLINE,,,246,,
2021,June,Park Place,0,0,,6,3
2021,June,Pretlow,0,0,,643,366
2021,June,Slover,0,0,,368,130
2021,June,Storage,0,0,,1,1
2021,June,Van Wyck,0,0,,207,106
2021,July,B.F. Black,0,0,,16,7
2021,July,Blyden,0,0,,9,2
2021,July,Book Mobile,0,0,,2,3
2021,July,Downing,0,0,,3,2
2021,July,Janaf,0,0,,82,32
2021,July,Jordan-Newby,0,0,,286,142
2021,July,Lafayette,0,0,,139,46
2021,July,Larchmont,0,0,,159,28
2021,July,Litte Creek,0,0,,126,24
2021,July,ONLINE,,,229,,
2021,July,Park Place,0,0,,3,15
2021,July,Pretlow,1,0,,886,372
2021,July,Slover,0,0,,394,182
2021,July,Storage,0,0,,18,9
2021,July,Van Wyck,0,0,,239,129
2021,August,B.F. Black,0,0,,36,18
2021,August,Blyden,0,0,,21,6
2021,August,Book Mobile,0,0,,8,1
2021,August,Downing,0,0,,0,0
2021,August,Janaf,0,0,,85,37
2021,August,Jordan-Newby,0,0,,213,127
2021,August,Lafayette,0,0,,198,41
2021,August,Larchmont,0,0,,247,78
2021,August,Litte Creek,0,0,,109,49
2021,August,ONLINE,,,329,,
2021,August,Park Place,0,0,,39,14
2021,August,Pretlow,1,0,,702,325
2021,August,Slover,0,0,,370,203
2021,August,Storage,0,0,,12,5
2021,August,Van Wyck,0,0,,268,143
2021,September,B.F. Black,0,0,,65,22
2021,September,Blyden,0,0,,15,18
2021,September,Book Mobile,0,0,,1,1
2021,September,Downing,0,0,,15,0
2021,September,Janaf,0,0,,95,38
2021,September,Jordan-Newby,0,0,,246,158
2021,September,Lafayette,1,0,,204,93
2021,September,Larchmont,0,0,,264,93
2021,September,Litte Creek,0,0,,138,81
2021,September,ONLINE,,,229,,
2021,September,Park Place,0,0,,165,58
2021,September,Pretlow,0,0,,631,343
2021,September,Slover,0,0,,255,183
2021,September,Storage,0,0,,0,1
2021,September,Van Wyck,0,0,,291,132
2021,October,B.F. Black,0,0,,35,19
2021,October,Blyden,0,0,,12,18
2021,October,Book Mobile,0,0,,8,1
2021,October,Downing,0,0,,58,6
2021,October,Janaf,0,0,,84,30
2021,October,Jordan-Newby,0,0,,235,125
2021,October,Lafayette,0,0,,178,54
2021,October,Larchmont,0,0,,202,73
2021,October,Litte Creek,0,0,,141,80
2021,October,ONLINE,,,330,,
2021,October,Park Place,0,0,,35,25
2021,October,Pretlow,2,0,,582,356
2021,October,Slover,0,0,,272,166
2021,October,Storage,0,0,,2,6
2021,October,Van Wyck,0,0,,225,113
2021,November,B.F. Black,0,0,,33,12
2021,November,Blyden,0,0,,55,29
2021,November,Book Mobile,0,0,,19,12
2021,November,Downing,0,0,,31,5
2021,November,Janaf,0,0,,82,29
2021,November,Jordan-Newby,0,0,,204,145
2021,November,Lafayette,0,0,,192,59
2021,November,Larchmont,0,0,,255,91
2021,November,Litte Creek,0,0,,137,88
2021,November,ONLINE,,,372,,
2021,November,Park Place,0,0,,71,24
2021,November,Pretlow,0,0,,558,289
2021,November,Slover,0,0,,289,136
2021,November,Storage,0,0,,26,4
2021,November,Van Wyck,0,0,,303,140
2021,December,B.F. Black,0,0,,93,46
2021,December,Blyden,0,0,,29,2
2021,December,Book Mobile,0,0,,8,1
2021,December,Downing,0,0,,35,10
2021,December,Janaf,0,0,,110,54
2021,December,Jordan-Newby,0,0,,206,108
2021,December,Lafayette,0,0,,221,44
2021,December,Larchmont,0,0,,240,103
2021,December,Litte Creek,0,0,,249,107
2021,December,ONLINE,,,307,,
2021,December,Park Place,0,0,,98,19
2021,December,Pretlow,0,0,,742,374
2021,December,Slover,0,0,,326,139
2021,December,Storage,0,0,,9,0
2021,December,Van Wyck,0,0,,325,131
2022,January,B.F. Black,0,0,,118,41
2022,January,Blyden,0,0,,48,48
2022,January,Book Mobile,0,0,,13,5
2022,January,Downing,0,0,,41,39
2022,January,Janaf,0,0,,117,37
2022,January,Jordan-Newby,0,0,,260,173
2022,January,Lafayette,0,0,,211,63
2022,January,Larchmont,0,0,,249,82
2022,January,Litte Creek,0,0,,257,86
2022,January,ONLINE,,,356,,
2022,January,Park Place,0,0,,87,58
2022,January,Pretlow,0,0,,684,356
2022,January,Slover,0,0,,380,178
2022,January,Storage,0,0,,34,4
2022,January,Van Wyck,0,0,,378,207
2022,March,B.F. Black,0,0,,82,49
2022,March,Blyden,0,0,,22,13
2022,March,Book Mobile,0,0,,92,61
2022,March,Downing,0,0,,11,5
2022,March,Janaf,0,0,,122,53
2022,March,Jordan-Newby,0,0,,284,203
2022,March,Lafayette,0,0,,174,81
2022,March,Larchmont,0,0,,262,127
2022,March,Litte Creek,0,0,,196,103
2022,March,ONLINE,,,365,,
2022,March,Park Place,0,0,,70,48
2022,March,Pretlow,0,0,,724,399
2022,March,Slover,0,0,,441,205
2022,March,Storage,0,0,,7,0
2022,March,Van Wyck,0,0,,297,150
2022,Febuary,B.F. Black,0,0,,97,31
2022,Febuary,Blyden,0,0,,18,24
2022,Febuary,Book Mobile,0,0,,5,3
2022,Febuary,Downing,0,0,,52,41
2022,Febuary,Janaf,0,0,,115,75
2022,Febuary,Jordan-Newby,0,0,,289,172
2022,Febuary,Lafayette,0,0,,206,71
2022,Febuary,Larchmont,0,0,,202,80
2022,Febuary,Litte Creek,0,0,,174,76
2022,Febuary,ONLINE,,,440,,
2022,Febuary,Park Place,0,0,,67,51
2022,Febuary,Pretlow,0,0,,731,371
2022,Febuary,Slover,0,0,,420,200
2022,Febuary,Storage,0,0,,8,1
2022,Febuary,Van Wyck,1,0,,302,188
